Ticker,Name,Price,Dividend Yield,Market Cap ($M),Forward P/E Ratio,Payout Ratio,Beta
RTX,Raytheon Technologies Corp.,52.73,0.054585964,46651.6469,10.98,0.612359668,1.21353823
OTIS,Otis Worldwide Corp.,48.89,N/A,20787.792,N/A,N/A,1.931406789
CARR,Carrier Global Corp.,16.71,N/A,14334.93145,N/A,N/A,-1.619997889
HWM,"Howmet Aerospace, Inc.",10.77,N/A,4906.15875,9.39,N/A,1.333801376
TT,Trane Technologies Plc,77.21,0.027068437,18734.77056,15.75,0.432405972,0.965647198
TFC,Truist Financial Corp.,31.35,0.05474111,43199.8882,8.82,0.493990486,1.431066686
NOW,"ServiceNow, Inc.",370.46,N/A,70146.65232,103.56,N/A,1.116811323
VIAC,"ViacomCBS, Inc.",17.335,0.048951049,10559.81098,7.05,0.342326188,1.388566444
PEAK,"Healthpeak Properties, Inc.",21.94,0.066576698,11965.7421,42.9,2.894016425,1.203157654
PAYC,"Paycom Software, Inc.",261.68,N/A,14519.66201,76.87,N/A,1.48724707
BKR,Baker Hughes Co.,13.76,0.051428571,14448.49,-0.89,-0.046524551,1.461149044
ZBRA,Zebra Technologies Corp.,217.92,N/A,11774.12413,22.7,N/A,1.168632022
STE,STERIS Plc (Ireland),151.32,0.009410829,12797.43357,32.61,0.305981727,0.917687588
ODFL,"Old Dominion Freight Line, Inc.",148.935,0.002984894,17473.9962,29.03,0.086128976,0.924314484
J,"Jacobs Engineering Group, Inc.",72.11,0.009776536,9315.3748,-53.95,-0.523677714,0.960891265
WRB,W.R. Berkley Corp.,47.73,0.0092827,8471.5176,18.33,0.168957837,1.14069899
NLOK,"NortonLifeLock, Inc.",20.025,0.016722408,12566.03712,3.37,0.058894797,0.513318804
LYV,"Live Nation Entertainment, Inc.",40.06,N/A,8436.0394,-61.99,N/A,1.198277845
A,"Agilent Technologies, Inc.",81.59,0.008231259,25279.90764,33.31,0.274330503,0.953951884
AAL,"American Airlines Group, Inc.",9.045,0.043715847,3869.48925,-4.86,-0.215088455,1.306647539
AAP,"Advance Auto Parts, Inc.",126.06,0.001981342,8368.75057,18.36,0.034950778,1.010898255
AAPL,"Apple, Inc.",307.82,0.009950249,1341651.604,23.92,0.2394744,1.145579387
ABBV,"AbbVie, Inc.",90.71,0.050033356,158504.8596,16,0.793818798,0.782581294
ABC,AmerisourceBergen Corp.,85.75,0.019278829,17091.95409,11.19,0.211369597,0.95771692
ABMD,"ABIOMED, Inc.",184.71,N/A,8293.753149,41.14,N/A,0.616666786
ABT,Abbott Laboratories,89.89,0.014818043,162345.053,44.54,0.673934589,0.923706854
ACN,Accenture Plc,183.88,0.017000944,114658.4897,23.56,0.392061397,1.06731961
ADBE,"Adobe, Inc.",365.3,N/A,171227.2574,54.75,N/A,1.136421891
ADI,"Analog Devices, Inc.",101.86,0.020475874,38843.5278,31.09,0.659582265,1.267697295
ADM,Archer-Daniels-Midland Co.,34.12,0.041276347,18975.74336,12.45,0.514692462,0.997357798
ADP,"Automatic Data Processing, Inc.",134.92,0.025194516,57998.0013,22.99,0.579700261,1.176114643
ADS,Alliance Data Systems Corp.,38.18,0.063991874,1875.55126,-5.02,-0.331448113,1.549751507
ADSK,"Autodesk, Inc.",180.71,N/A,38986.25808,185.24,N/A,1.172528541
AEE,Ameren Corp.,68.76,0.028230501,16966.34952,21.6,0.609334757,0.947360935
AEP,"American Electric Power Co., Inc.",78.43,0.03546735,38705.0323,21.02,0.742269146,0.755630258
AES,The AES Corp.,11.75,0.047343486,7859.21256,26.72,1.272396544,1.158203497
AFL,"Aflac, Inc.",32.99,0.033272283,23505.56208,8.25,0.272745471,1.237029326
AGN,Allergan Plc,193.02,0.015335198,63364.02654,-25.46,-0.390388014,-0.007152455
AIG,"American International Group, Inc.",26.47,0.049689441,22186.8304,5.25,0.253897727,1.531299223
AIV,Apartment Investment & Management Co.,33.61,0.04709389,4994.3872,24.79,1.165277675,1.139934852
AIZ,"Assurant, Inc.",91.11,0.02762493,5312.037315,15.81,0.426816573,1.026109583
AJG,Arthur J. Gallagher & Co.,87.23,0.020117933,16400.32029,24.04,0.479629528,0.989972833
AKAM,"Akamai Technologies, Inc.",98.07,N/A,15777.90102,32.21,N/A,0.655514268
ALB,Albemarle Corp.,61.35,0.024912075,6348.30749,12.84,0.31120549,1.194292916
ALGN,"Align Technology, Inc.",203.75,N/A,16232.26667,8.49,N/A,1.376513207
ALK,"Alaska Air Group, Inc.",25.63,0.054514155,3204.3719,5.94,0.330182122,1.371160758
ALL,The Allstate Corp.,95.38,0.021720613,29501.77472,7.87,0.168291838,1.074425703
ALLE,Allegion Plc,92.94,0.01207652,8629.044114,26.95,0.327659698,1.055941792
ALXN,"Alexion Pharmaceuticals, Inc.",101.94,N/A,22285.86084,9.55,N/A,0.774209892
AMAT,"Applied Materials, Inc.",52.1,0.015432666,49983.34115,17.02,0.274770207,1.534223017
AMCR,Amcor Plc,9.1,0.03850385,14311.6596,28.95,1.113585746,-0.209944873
AMD,"Advanced Micro Devices, Inc.",54.205,N/A,63841.5669,126.25,N/A,1.306563664
AME,"AMETEK, Inc.",79.59,0.007619048,18067.77,19.38,0.146109826,1.249475299
AMGN,"Amgen, Inc.",240.22,0.025002101,139991.0211,18.71,0.463384812,0.829358992
AMP,"Ameriprise Financial, Inc.",121.98,0.031647635,14998.5162,4.45,0.141612558,1.895568974
AMT,American Tower Corp.,229.58,0.017245885,101791.9237,53.35,0.920245399,0.963142847
AMZN,"Amazon.com, Inc.",2409.69,N/A,1191501.048,113.06,N/A,0.665507625
ANET,"Arista Networks, Inc.",210.45,N/A,15564.08816,20.17,N/A,1.07301776
ANSS,"ANSYS, Inc.",254.06,N/A,21663.2151,52.27,N/A,1.161564076
ANTM,"Anthem, Inc.",278.09,0.012258489,68898.26048,14.79,0.178222773,1.252454611
AON,Aon Plc,191.67,0.00226886,44814.70191,27.42,0.062937163,0.852756068
AOS,A. O. Smith Corp.,40.41,0.022840119,5441.66688,19.95,0.454298553,0.694250294
APA,Apache Corp.,10.61,0.07480695,3910.13336,-0.5,-0.036640254,1.857673337
APD,"Air Products & Chemicals, Inc.",228.04,0.021363354,49829.3051,25.72,0.543545677,1.076784093
APH,Amphenol Corp.,82.31,0.011767531,24642.05232,21.65,0.257799758,1.065026088
APTV,Aptiv Plc,64.07,0.013935075,16095.4194,7.06,0.096908829,1.442453967
ARE,"Alexandria Real Estate Equities, Inc.",141.43,0.028890628,17734.18335,66.46,1.907805084,1.038889148
ATO,Atmos Energy Corp.,95.11,0.02318474,11606.18568,20.71,0.479052347,0.888113524
ATVI,"Activision Blizzard, Inc.",73.92,0.005071272,56214.65856,36.3,0.181702107,0.703167175
AVB,"AvalonBay Communities, Inc.",150.35,0.040497827,21371.40966,26.84,1.097763419,1.029676384
AVGO,"Broadcom, Inc.",260.405,0.042010503,106584.2806,40.82,1.755788616,1.317302614
AVY,Avery Dennison Corp.,100.48,0.022696146,8514.51712,14.39,0.332244945,1.077763626
AWK,"American Water Works Co., Inc.",117.76,0.017631375,21047.54421,33.72,0.586972083,0.89774779
AXP,American Express Co.,82.22,0.020045341,67464.70332,12.43,0.253975933,1.497427862
AZO,"AutoZone, Inc.",1074.98,N/A,24649.90416,16.08,N/A,0.958066587
BA,The Boeing Co.,120,0.067091087,69141.099,-19.84,-1.358722602,1.578637535
BAC,Bank of America Corp.,21.44,0.031782589,188347.4931,8.7,0.280123417,1.443381912
BAX,"Baxter International, Inc.",87.16,0.010124252,44228.02512,43.49,0.439121756,0.832492826
BBY,"Best Buy Co., Inc.",78.61,0.025910092,19876.65657,13.41,0.341110656,1.25237607
BDX,"Becton, Dickinson & Co.",258.25,0.012060302,73336.0173,76.9,0.929041479,0.667979715
BEN,"Franklin Resources, Inc.",17.76,0.058790904,8930.36718,9.09,0.542615818,1.101557743
BF.B,Brown-Forman Corp.,66.32,0.010254728,31346.8584,36.91,0.374186008,0.855870062
BIIB,"Biogen, Inc.",316.62,N/A,51537.71834,9.76,N/A,0.874530467
BK,The Bank of New York Mellon Corp.,32.06,0.03729963,28723.77092,6.88,0.259818342,1.115380451
BKNG,"Booking Holdings, Inc.",1383.89,N/A,56587.37856,17.37,N/A,1.04540335
BLK,"BlackRock, Inc.",513.73,0.027157768,76853.3284,18.86,0.496675979,1.274052629
BLL,Ball Corp.,62.23,0.00967118,20225.16408,43.55,0.419903422,0.796072582
BMY,Bristol-Myers Squibb Co.,64.09,0.02697193,144291.7413,79.06,2.121885023,0.623446987
BR,"Broadridge Financial Solutions, Inc.",115.55,0.018325063,13189.02879,31.91,0.58131507,0.852162503
BRK.B,"Berkshire Hathaway, Inc.",169.25,N/A,415366.3099,42.38,N/A,0.920109797
BSX,Boston Scientific Corp.,34.83,N/A,49676.925,11.33,N/A,1.034654811
BWA,"BorgWarner, Inc.",27.77,0.024451636,5765.2911,7.99,0.195734147,1.01824723
BXP,"Boston Properties, Inc.",74.95,0.050325945,11916.8023,12.76,0.657200259,1.111988595
C,"Citigroup, Inc.",41.92,0.047075606,87560.9286,5.78,0.273103448,1.623674614
CAG,"Conagra Brands, Inc.",34.17,0.025125628,16477.78108,21.75,0.541056652,0.412640672
CAH,"Cardinal Health, Inc.",48.95,0.040684989,13810.9378,-3.49,-0.137209186,0.950197626
CAT,"Caterpillar, Inc.",107.92,0.037197476,57474.16941,11.33,0.41456759,1.014285929
CB,Chubb Ltd.,99.49,0.030349014,44616.63945,12.33,0.3719039,1.039750837
CBOE,"Cboe Global Markets, Inc.",99.88,0.01399235,10899.5848,25.42,0.353734572,0.780371768
CBRE,"CBRE Group, Inc.",35.99,N/A,12015.73695,9.35,N/A,1.304464362
CCI,Crown Castle International Corp.,150.14,0.030584057,63362.82204,78.17,2.420992347,0.932086014
CCL,Carnival Corp.,12.78,0.162999185,6474.37593,4.71,0.737762367,1.832705351
CDNS,"Cadence Design Systems, Inc.",82.09,N/A,22851.45595,22.6,N/A,1.193880776
CDW,CDW Corp.,97.81,0.013540622,14189.1046,18.75,0.258858721,1.196972571
CE,Celanese Corp.,76.67,0.032575857,9000.77377,12.78,0.413533208,1.25841447
CERN,Cerner Corp.,65.02,0.010977283,19962.25091,39.96,0.441934692,0.643044326
CF,"CF Industries Holdings, Inc.",24.82,0.048721072,5265.82011,11.57,0.55959709,1.230313234
CFG,"Citizens Financial Group, Inc. (Rhode Island)",19.92,0.070967742,8596.37285,6.8,0.488204568,1.595040661
CHD,"Church & Dwight Co., Inc.",73.6,0.012671703,17901.0104,27.02,0.338681254,0.540392455
CHRW,"C.H. Robinson Worldwide, Inc.",72.55,0.027985592,9716.1498,20.05,0.558643768,0.506858479
CHTR,"Charter Communications, Inc.",503.36,N/A,102700.468,59.61,N/A,0.76815109
CI,Cigna Corp.,190.15,0.000216849,68062.23526,14.47,0.003044117,1.270117539
CINF,Cincinnati Financial Corp.,49.27,0.045166403,8190.17808,116.18,5.378627035,1.220300338
CL,Colgate-Palmolive Co.,68.95,0.025797793,57438.76768,23.47,0.588815901,0.720980475
CLX,The Clorox Co.,209.83,0.020561563,25796.871,30.37,0.613718934,0.341431388
CMA,"Comerica, Inc.",30.04,0.085234474,4387.9446,5.62,0.50329292,1.453947902
CMCSA,Comcast Corp.,35.935,0.024049217,163214.1605,14.04,0.336029383,0.922377388
CME,"CME Group, Inc.",181.015,0.017172612,64731.7642,27.12,0.464315135,0.994695855
CMG,"Chipotle Mexican Grill, Inc.",971.75,N/A,25999.15273,79.72,N/A,0.914345408
CMI,"Cummins, Inc.",155.64,0.032621696,22941.76826,11.38,0.370806228,1.01679854
CMS,CMS Energy Corp.,53.68,0.028600331,15561.83577,21.39,0.619694736,0.806852783
CNC,Centene Corp.,68.7,N/A,38129.85336,34.07,N/A,1.188927612
CNP,"CenterPoint Energy, Inc.",16.8,0.066695602,8685.91296,-12.16,-0.834479763,1.330691659
COF,Capital One Financial Corp.,58.03,0.027045301,26936.1396,11.34,0.312707657,1.634543132
COG,Cabot Oil & Gas Corp.,18.25,0.020375335,7433.42375,15.92,0.331472435,0.812209027
COO,"The Cooper Cos., Inc.",296.52,0.000202334,15814.59682,32.28,0.006530825,0.884489473
COP,ConocoPhillips,40.87,0.036313549,42822.1299,12.72,0.451193329,1.434387327
COST,Costco Wholesale Corp.,299.18,0.008674184,132359.1892,34.91,0.303337883,0.643905251
COTY,"Coty, Inc.",3.29,0.148809524,2563.99248,-0.82,-0.123900384,1.321873324
CPB,Campbell Soup Co.,53.53,0.026430055,15983.43265,31.76,0.830515513,0.404212825
CPRI,Capri Holdings Ltd.,12.87,N/A,1943.23865,5.59,N/A,1.699408566
CPRT,"Copart, Inc.",79.49,N/A,18771.1856,24.98,N/A,1.023324338
CRM,"salesforce.com, inc.",171.33,N/A,150201.804,769.33,N/A,1.051017155
CSCO,"Cisco Systems, Inc.",44.325,0.032155074,185962.588,17.4,0.554201714,1.058318341
CSX,CSX Corp.,62.005,0.015562966,48201.39402,14.93,0.236047884,1.206155445
CTAS,Cintas Corp.,227.4,0.008963316,23797.2755,24.93,0.224701859,1.217461558
CTL,"CenturyLink, Inc.",9.27,0.108813928,10086.025,8.22,0.886760663,1.072254283
CTSH,Cognizant Technology Solutions Corp.,50.19,0.01616082,27429.0292,15.69,0.256458372,1.187744817
CTVA,"Corteva, Inc.",22.77,0.016723842,17451.96508,-20.05,-0.343400546,0.367234053
CTXS,"Citrix Systems, Inc.",146.67,0.009585102,18031.25306,25.15,0.24002606,0.558478286
CVS,CVS Health Corp.,63.19,0.032097577,81444.7779,11.4,0.360939164,0.853692209
CVX,Chevron Corp.,89.16,0.053970017,168121.549,43.44,2.367613387,1.352770377
CXO,"Concho Resources, Inc.",54.26,0.010483136,10789.37895,-1.14,-0.012084503,1.307265025
D,"Dominion Energy, Inc.",78.22,0.046370715,66829.55713,36.57,1.726435384,1.016339303
DAL,"Delta Air Lines, Inc.",19.19,0.080366357,12361.06788,3.55,0.288009912,1.237655787
DD,"DuPont de Nemours, Inc.",45.45,0.029171271,33204.31425,-52.86,-1.535240754,1.191694294
DE,Deere & Co.,126.01,0.023974763,39767.016,12.17,0.293549633,1.126142816
DFS,Discover Financial Services,38,0.043843997,12016.18823,5.68,0.257138586,1.89147507
DG,Dollar General Corp.,182.02,0.007052342,45649.9725,27.23,0.191519287,0.554052903
DGX,"Quest Diagnostics, Inc.",111.08,0.019462297,14773.37404,18.9,0.365727117,0.836743367
DHI,"D.R. Horton, Inc.",47.21,0.014081456,16780.91408,9.2,0.126639001,1.111766103
DHR,Danaher Corp.,163.85,0.004268217,114296.8532,42.66,0.179640719,0.826743567
DIS,The Walt Disney Co.,109.05,0.016617883,191302.0557,36.56,0.5900694,1.051777342
DISCA,"Discovery, Inc.",20.5,N/A,10407.50257,5.91,N/A,0.929620226
DISCK,"Discovery, Inc.",18.725,N/A,9373.84603,5.41,N/A,0.914497653
DISH,DISH Network Corp.,24.72,N/A,12904.75046,10.63,N/A,1.463959487
DLR,"Digital Realty Trust, Inc.",130.77,0.032851115,35610.50136,46.46,1.549010552,0.878321799
DLTR,"Dollar Tree, Inc.",75.07,N/A,17918.05743,21.54,N/A,0.770658995
DOV,Dover Corp.,84.94,0.022809685,12306.02903,16.46,0.377804472,1.237311561
DOW,"Dow, Inc.",33.56,0.083557147,24821.89581,-14.75,-1.230661041,1.38207083
DRE,Duke Realty Corp.,30.83,0.029517875,11333.59035,27.87,0.813596095,1.158486978
DRI,"Darden Restaurants, Inc.",69.61,0.050855086,8657.73414,13.4,0.652550529,1.622144829
DTE,DTE Energy Co.,97.35,0.03994898,18875.976,16.51,0.663795588,1.115377404
DUK,Duke Energy Corp.,81.19,0.045716889,60478.4019,16,0.74129167,0.972116378
DVA,"DaVita, Inc.",79.25,N/A,9517.452,12.53,N/A,0.838143999
DVN,Devon Energy Corp.,11.95,0.032590051,4462.282,-2.38,-0.075774193,1.653036984
DXC,DXC Technology Co.,15.28,0.054125413,3843.87315,-2.45,-0.131439746,1.954722663
EA,"Electronic Arts, Inc.",118.155,N/A,33926.61888,11.47,N/A,0.655916169
EBAY,"eBay, Inc.",42.105,0.013796384,29463.86012,6.94,0.09565117,0.697200921
ECL,"Ecolab, Inc.",194.75,0.00966535,55654.03288,36.3,0.34673676,1.126520382
ED,"Consolidated Edison, Inc.",70.36,0.052345059,23935.06728,18.05,0.961982453,0.720194795
EFX,"Equifax, Inc.",144.42,0.010755654,17605.6804,64.84,0.7003367,0.940345613
EIX,Edison International,55.95,0.043463143,21739.16632,16.16,0.722292846,1.004251458
EL,"The Estée Lauder Companies, Inc.",169.41,0.011084719,59108.14206,46.93,0.504155125,0.989690659
EMN,Eastman Chemical Co.,59.97,0.042510794,8183.53668,10.16,0.433523564,1.169675309
EMR,Emerson Electric Co.,52.94,0.037092544,31893.2155,14.97,0.560018102,1.239378249
EOG,"EOG Resources, Inc.",47.68,0.026019765,27682.10776,13.06,0.338985372,1.251244042
EQIX,"Equinix, Inc.",658.46,0.015229196,58131.63495,110.22,1.680137892,0.916097567
EQR,Equity Residential,57.13,0.040073018,21404.68752,17.8,0.718090906,0.962278583
ES,Eversource Energy,76.39,0.028115698,25996.95061,26.67,0.758448541,0.942557205
ESS,"Essex Property Trust, Inc.",226.55,0.035231767,14719.56917,23.52,0.823080517,0.997647416
ETFC,E*TRADE Financial Corp.,38.29,0.01443299,8576.5848,11.06,0.161536908,1.606254994
ETN,Eaton Corp. Plc,73.71,0.038179148,29964,14.41,0.559074204,1.339588945
ETR,Entergy Corp.,94.98,0.038761323,19003.38028,16.99,0.658459777,1.071495568
EVRG,"Evergy, Inc.",56.54,0.034580099,12851.6232,20.74,0.719134104,1.135963079
EW,Edwards Lifesciences Corp.,212.96,N/A,44915.38475,40.08,N/A,0.950262131
EXC,Exelon Corp.,35.285,0.040720222,35176.1288,13.16,0.548118871,1.19627576
EXPD,"Expeditors International of Washington, Inc.",71.535,0.013702384,12145.76948,21.24,0.297000297,0.771818304
EXPE,"Expedia Group, Inc.",66.78,0.020506447,9074.976065,17.41,0.344234079,1.175468606
EXR,"Extra Space Storage, Inc.",81.81,0.042755344,11367.24553,24.34,1.071205404,0.63858119
F,Ford Motor Co.,4.9,0.122699387,19448.4591,-6.42,-0.785751702,1.09384255
FANG,"Diamondback Energy, Inc.",38.75,0.024554741,6025.41488,-101.81,-2.461275925,1.415608492
FAST,Fastenal Co.,38.935,0.023397104,22156.63892,27.93,0.649397245,1.003043184
FB,"Facebook, Inc.",211.02,N/A,589315.4355,28.71,N/A,0.989019417
FBHS,"Fortune Brands Home & Security, Inc.",53.56,0.01742835,7214.41784,16.38,0.275313552,1.299876529
FCX,"Freeport-McMoRan, Inc.",8.48,0.018094089,12036.8313,-15.95,-0.282113974,1.597303275
FDX,FedEx Corp.,107.52,0.023829163,28504.9875,-80.5,-1.946690626,1.116808667
FE,FirstEnergy Corp.,39.29,0.038288288,21648.48984,39.41,1.534603811,1.085344405
FFIV,"F5 Networks, Inc.",138.76,N/A,8350.12808,24.6,N/A,0.817603757
FIS,"Fidelity National Information Services, Inc.",132.22,0.010788318,80176.31818,244.49,2.588757396,1.17311048
FISV,"Fiserv, Inc.",100,N/A,66493.15088,54.12,N/A,1.180149233
FITB,Fifth Third Bancorp,16.125,0.060624617,11625.52296,6.98,0.428682775,1.618003054
FLIR,"FLIR Systems, Inc.",44.24,0.015274034,5825.08584,47.63,0.732127476,0.887255113
FLS,Flowserve Corp.,22.44,0.033507398,2990.29548,15.01,0.514877967,1.209104709
FLT,"FleetCor Technologies, Inc.",222.54,N/A,18563.86334,22.06,N/A,1.160996549
FMC,FMC Corp.,88.02,0.018959485,11470.29867,24.62,0.469864355,1.243476097
FOX,Fox Corp.,25.525,0.018312102,15165.4464,11.89,0.214522222,0.941269132
FOXA,Fox Corp.,26.055,0.017850213,15557.8644,12.15,0.214522222,0.928171237
FRC,"First Republic Bank (San Francisco, California)",95.91,0.007901851,16474.47984,18.54,0.146930884,1.082881764
FRT,Federal Realty Investment Trust,72.02,0.059554413,5347.960742,15.93,0.922545961,1.109496606
FTI,TechnipFMC Plc,6.52,0.078195489,2975.52255,-0.51,-0.040863798,1.508594479
FTNT,"Fortinet, Inc.",143.42,N/A,22317.26094,66.03,N/A,1.084965093
FTV,Fortive Corp.,55.25,0.005021521,18783.09056,33.92,0.171905697,1.062901484
GD,General Dynamics Corp.,130.92,0.031299376,38127.22715,10.96,0.348280366,0.947969601
GE,General Electric Co.,5.49,0.007017544,49858.413,8.25,0.060078102,1.280653679
GILD,"Gilead Sciences, Inc.",76.34,0.033277224,96846.42,19.46,0.655712609,0.543887999
GIS,"General Mills, Inc.",62.49,0.031506189,37707.90719,17.82,0.55891411,0.426952268
GL,"Globe Life, Inc.",68.76,0.010464598,7170.72806,10.06,0.103157648,1.312061251
GLW,"Corning, Inc.",19.65,0.04112337,15134.46,57.21,2.387190684,1.328264697
GM,General Motors Co.,22.63,0.068130883,31927.3948,6.84,0.45970059,1.305857169
GOOG,"Alphabet, Inc.",1373.82,N/A,925720.7703,27.47,N/A,0.971797006
GOOGL,"Alphabet, Inc.",1373.83,N/A,926219.0826,27.47,N/A,0.981133168
GPC,Genuine Parts Co.,73.12,0.04334507,10242.46,17.83,0.750280365,1.180462448
GPN,"Global Payments, Inc.",169.87,0.002495283,49146.10686,79.81,0.192632964,1.41412816
GPS,"Gap, Inc.",7.6,0.135285914,2671.82163,8.23,1.05046567,1.587450692
GRMN,Garmin Ltd.,78.01,0.029495472,14765.6914,15.24,0.445260321,0.901900405
GS,"The Goldman Sachs Group, Inc.",171.87,0.026368587,59991.08715,9.24,0.247189562,1.312259131
GWW,"W.W. Grainger, Inc.",278.79,0.020792723,14811.67766,19.69,0.406716471,1.088018585
HAL,Halliburton Co.,9.82,0.072361809,8728.9161,-3.75,-0.274977085,1.775407161
HAS,"Hasbro, Inc.",64.81,0.042092232,8853.65082,19.64,0.824242424,1.135014764
HBAN,"Huntington Bancshares, Inc.",7.505,0.076523995,7819.6362,7.56,0.594518339,1.245566043
HBI,"Hanesbrands, Inc.",8.52,0.070339977,2968.73855,5.99,0.421911258,1.029680467
HCA,"HCA Healthcare, Inc.",98.74,0.016436422,33481.67623,11.02,0.181881074,1.177546383
HD,"The Home Depot, Inc.",239.33,0.023200273,251859.6576,23.25,0.528504255,1.16215598
HES,Hess Corp.,44.07,0.023380874,13136.54888,-4.66,-0.105738424,1.426742685
HFC,HollyFrontier Corp.,26.87,0.049257515,4469.67246,21.46,1.08634875,1.222384033
HIG,"The Hartford Financial Services Group, Inc.",33.25,0.036786787,11923.8975,7.02,0.258815575,1.207048812
HII,"Huntington Ingalls Industries, Inc.",170.54,0.02194867,6970.483946,11.61,0.257398505,0.877576041
HLT,"Hilton Worldwide Holdings, Inc.",68.54,0.008801526,18900.88237,26.41,0.231231694,0.883575605
HOG,"Harley-Davidson, Inc.",19.66,0.076982097,2994.53215,8.44,0.646200086,1.603169123
HOLX,"Hologic, Inc.",51.955,N/A,13274.37046,22.53,N/A,0.975826858
HON,"Honeywell International, Inc.",125.41,0.027075954,89169.7884,14.23,0.390452084,1.084110725
HP,"Helmerich & Payne, Inc.",17.55,0.163688761,1863.7023,-3.77,-0.60944206,1.798684474
HPE,Hewlett-Packard Enterprise Co.,9.11,0.049890949,11814.0778,10.02,0.503078953,1.149065476
HPQ,"HP, Inc.",14.86,0.045265334,20745.8176,7.32,0.323674354,1.132882977
HRB,"H&R Block, Inc.",15.63,0.067664281,2958.34075,7.95,0.529181295,1.155437259
HRL,Hormel Foods Corp.,47.92,0.018127364,25587.38208,26.11,0.469873611,0.478948395
HSIC,"Henry Schein, Inc.",51.74,N/A,7423.312,14.28,N/A,0.84062592
HST,"Host Hotels & Resorts, Inc.",10.06,0.079681275,7077.78836,10.04,0.798642308,1.098408971
HSY,The Hershey Co.,130.38,0.023208426,27255.52108,24.46,0.570437066,0.78642649
HUM,"Humana, Inc.",398.22,0.005896685,51006.39686,20.35,0.116232137,1.192338402
IBM,International Business Machines Corp.,116.98,0.055408294,103838.9694,11.51,0.637418847,1.02119101
ICE,"Intercontinental Exchange, Inc.",93.47,0.012064343,51028.4515,24.8,0.298440153,0.871005743
IDXX,"IDEXX Laboratories, Inc.",294.56,N/A,25054.38567,57.9,N/A,0.85332144
IEX,IDEX Corp.,148.42,0.016775146,11235.65486,26.91,0.453333817,0.921401855
IFF,"International Flavors & Fragrances, Inc.",128.22,0.023641412,13468.56855,30.31,0.704425113,0.919130345
ILMN,"Illumina, Inc.",334.965,N/A,47479.53,52.28,N/A,0.863585725
INCY,Incyte Corp.,96.11,N/A,20613.48159,-55.75,N/A,0.663685926
INFO,IHS Markit Ltd.,66.56,0.002588307,26200.80288,30.12,0.07693352,1.068528172
INTC,Intel Corp.,58.3,0.021580907,250144.72,11.14,0.243790512,1.25297096
INTU,"Intuit, Inc.",284.425,0.007135976,73056.57955,45.37,0.319045416,1.234817411
IP,International Paper Co.,31.05,0.064143174,12408.30437,18.46,1.204210276,1.187266023
IPG,"Interpublic Group of Cos., Inc.",15.37,0.0625,5984.47104,8.89,0.555137917,1.260276726
IPGP,IPG Photonics Corp.,146.22,N/A,7743.090152,48.03,N/A,1.066616583
IQV,"IQVIA Holdings, Inc.",134.2,N/A,25277.90468,120.91,N/A,1.256499122
IR,"Ingersoll Rand, Inc.",26.42,0.079371022,11100.06167,63.05,5.059665871,1.046120222
IRM,"Iron Mountain, Inc.",22.42,0.108613074,6517.67112,21.34,2.340567295,0.932269057
ISRG,"Intuitive Surgical, Inc.",519.91,N/A,60322.99286,43.44,N/A,1.149388763
IT,"Gartner, Inc.",111.53,N/A,9866.333064,34.78,N/A,0.973465043
ITW,"Illinois Tool Works, Inc.",155.68,0.027187601,48922.0702,20.11,0.543948732,1.121596439
IVZ,Invesco Ltd.,6.7,0.17739628,3207.68304,6.51,1.205287714,1.650737623
JBHT,"J.B. Hunt Transport Services, Inc.",98.16,0.010639376,10407.94609,20.89,0.223475577,0.935388395
JCI,Johnson Controls International Plc,28.46,0.036376355,21267.01458,255.71,9.344115004,0.971518103
JKHY,"Jack Henry & Associates, Inc.",190,0.00879987,14191.47054,49.25,0.422992085,0.813924328
JNJ,Johnson & Johnson,150.44,0.025738282,388970.8676,23.13,0.584345687,0.702569985
JNPR,"Juniper Networks, Inc.",22.95,0.033595113,7594.58784,23.27,0.780774691,0.788185795
JPM,JPMorgan Chase & Co.,85.9,0.039990859,266675.1904,9.67,0.394148583,1.318831297
JWN,"Nordstrom, Inc.",16.37,0.094811019,2440.56106,5.11,0.462297745,1.556527621
K,Kellogg Co.,64.07,0.035663786,21810.9455,21.33,0.755608814,0.4689868
KEY,KeyCorp,9.72,0.073084677,9676.02752,7.08,0.528271641,1.646304279
KEYS,"Keysight Technologies, Inc.",94.78,N/A,18495.8865,26.55,N/A,1.106467294
KHC,The Kraft Heinz Co.,29.205,0.055555556,35188.704,18.69,1.023868945,0.936441426
KIM,Kimco Realty Corp.,9.15,0.121475054,3987.8805,12.12,1.483443709,1.178074296
KLAC,KLA Corp.,167.25,0.018104668,27404.91075,25.91,0.495156748,1.522984868
KMB,Kimberly-Clark Corp.,138.64,0.03045611,46515.31473,20.11,0.603344501,0.645885143
KMI,"Kinder Morgan, Inc.",14.84,0.067385445,33560.5116,25.52,1.71998624,1.108591233
KMX,"CarMax, Inc.",75.8,N/A,12233.54165,14.07,N/A,1.181942757
KO,The Coca-Cola Co.,43.26,0.036842105,187686.693,18.48,0.687916595,0.783848884
KR,The Kroger Co.,32.51,0.018913972,25771.24264,15.69,0.299242241,0.300380098
KSS,Kohl's Corp.,17.54,0.160575195,2591.07243,3.98,0.607709751,1.400704164
KSU,Kansas City Southern,133.85,0.01133398,12743.15902,22.33,0.253561539,1.203763799
L,Loews Corp.,29.81,0.008594019,8186.7987,-72.5,-0.607976654,1.378070002
LB,"L Brands, Inc.",10.86,0.114503817,2898.06584,-8.22,-0.908609071,1.453343872
LDOS,"Leidos Holdings, Inc.",96.82,0.013983095,13612.07652,23.3,0.322518533,1.061950969
LEG,"Leggett & Platt, Inc.",26.61,0.059193489,3576.069,11.29,0.678598694,1.477317115
LEN,Lennar Corp.,50.64,0.005025641,15221.74875,8.04,0.038896298,1.251211935
LH,Laboratory Corp. of America Holdings,167.43,N/A,15916.5,51.12,N/A,1.230093488
LHX,"L3Harris Technologies, Inc.",176.78,0.015772605,38390.3208,24.44,0.387752281,0.921664255
LIN,Linde Plc,182.59,0.020016736,94139.41125,41.93,0.823975198,0.982430807
LKQ,LKQ Corp.,23.615,N/A,7155.40672,12.35,N/A,1.388905482
LLY,Eli Lilly & Co.,159.23,0.016889759,151575.6784,26.31,0.44207569,0.779512727
LMT,Lockheed Martin Corp.,360.4,0.025822387,99913.3818,16.26,0.415139974,0.892386954
LNC,Lincoln National Corp.,32.75,0.047384615,6279.78,9.52,0.447453293,2.310777303
LNT,Alliant Energy Corp.,45.9,0.031454071,11462.21376,18.37,0.577584139,0.840470773
LOW,"Lowe's Cos., Inc.",113.78,0.019295226,83338.82011,20.78,0.389069521,1.2819082
LRCX,Lam Research Corp.,251.93,0.016914498,39048.578,17.48,0.315831853,1.604592122
LUV,Southwest Airlines Co.,23.87,0.02905569,14604.98508,7.02,0.211758478,1.019261267
LVS,Las Vegas Sands Corp.,44.76,0.067863398,34887.1864,16.29,1.128257388,1.143572319
LW,"Lamb Weston Holdings, Inc.",52.09,0.015226564,7960.58589,15.93,0.253799346,0.970200898
LYB,LyondellBasell Industries NV,53.6,0.078814036,17783.19274,6.87,0.538068335,1.494067755
MA,"Mastercard, Inc.",278.94,0.005264866,278430.6097,35.5,0.185828656,1.265109372
MAA,"Mid-America Apartment Communities, Inc.",106.87,0.037149356,12487.02576,37.74,1.384376324,1.020739813
MAR,"Marriott International, Inc.",79.84,0.024227129,25697.288,28.34,0.682108853,0.965205167
MAS,Masco Corp.,42.72,0.012684223,10916.81945,26.94,0.33104231,1.027595384
MCD,McDonald's Corp.,173.81,0.027478479,130427.158,22.57,0.625884614,0.984490717
MCHP,"Microchip Technology, Inc.",83.56,0.017074592,20552.3604,35.05,0.614642333,1.529871005
MCK,McKesson Corp.,136.45,0.01236285,22917.82302,-28.03,-0.328710837,0.983950341
MCO,Moody's Corp.,251.31,0.008114389,47600.625,30.81,0.252556212,1.341773754
MDLZ,"Mondelez International, Inc.",49.95,0.022516155,70687.8192,19.42,0.433481067,0.850036913
MDT,Medtronic Plc,93.89,0.022596461,125734.7494,23.71,0.535312981,0.958119603
MET,"MetLife, Inc.",31.72,0.055922086,28888.55787,3.36,0.188272127,1.511540201
MGM,MGM Resorts International,13.85,0.039940828,6668.30736,2.48,0.096609715,1.771933135
MHK,"Mohawk Industries, Inc.",76.58,N/A,5444.265888,7.51,N/A,1.246654905
MKC,"McCormick & Co., Inc.",177.98,0.01327484,23327.31008,33.79,0.442393863,0.731486799
MKTX,"MarketAxess Holdings, Inc.",488.02,0.004315235,18712.47472,79.83,0.348420657,0.827413098
MLM,"Martin Marietta Materials, Inc.",168.07,0.012602805,10519.41901,17.68,0.224059581,1.040790252
MMC,"Marsh & McLennan Cos., Inc.",104.47,0.017153629,53699.2259,29.61,0.515916886,0.909550188
MMM,3M Co.,138.69,0.04257666,78220.90404,16.09,0.67191199,0.868460609
MNST,Monster Beverage Corp.,66,N/A,34221.39436,31.68,N/A,0.929949047
MO,"Altria Group, Inc.",36.59,0.091586207,67365.9125,-78.13,-7.08947256,0.708924494
MOS,The Mosaic Co.,10.08,0.019230769,3941.808,-2.73,-0.05425936,1.313336934
MPC,Marathon Petroleum Corp.,30.3,0.070249272,20086.56229,-2.96,-0.21219381,1.616165565
MRK,"Merck & Co., Inc.",79.78,0.028981886,202054.205,20.07,0.583603753,0.708172111
MRO,Marathon Oil Corp.,5.61,0.035460993,4457.35968,17.49,0.623441397,1.397761169
MS,Morgan Stanley,37.29,0.03570484,59575.7046,7.65,0.276911716,1.483830416
MSCI,"MSCI, Inc.",341.22,0.007659699,29079.31234,54.23,0.416381927,1.227015255
MSFT,Microsoft Corp.,183.335,0.011023099,1369038.423,30.21,0.328225767,1.154846834
MSI,"Motorola Solutions, Inc.",129.07,0.019007226,21652.93044,23.73,0.444893832,0.962667127
MTB,M&T Bank Corp.,89.12,0.045464386,11851.48942,7.22,0.340224224,1.254539592
MTD,"Mettler-Toledo International, Inc.",698.7,N/A,16484.93848,31.1,N/A,0.933707318
MU,"Micron Technology, Inc.",44.45,N/A,50860.4487,21.39,N/A,1.428251176
MXIM,"Maxim Integrated Products, Inc.",52.06,0.035600525,14229.77625,17.32,0.632216418,1.118328251
MYL,Mylan NV,15.15,N/A,7867.88768,128.69,N/A,0.789839274
NBL,"Noble Energy, Inc.",8.665,0.056737589,4058.25354,-0.8,-0.044519055,1.784100739
NCLH,Norwegian Cruise Line Holdings Ltd.,10.92,N/A,2758.25068,-2.17,N/A,1.915069195
NDAQ,"Nasdaq, Inc.",111.95,0.017172086,17962.49308,25.34,0.425070091,1.045826311
NEE,"NextEra Energy, Inc.",227.85,0.022176291,113664.9735,31.39,0.709532535,0.939439521
NEM,Newmont Corp.,67.9,0.008403361,53484.2644,15.67,0.129246677,0.362361471
NFLX,"Netflix, Inc.",454.18,N/A,194371.3778,89.22,N/A,0.700754974
NI,"NiSource, Inc.",22.37,0.036016007,8609.14951,44.84,1.623571858,1.021512344
NKE,"NIKE, Inc.",86.99,0.010745234,134586.981,31.48,0.336529763,1.012779796
NLSN,Nielsen Holdings Plc,12.71,0.06381323,4580.7166,-9.53,-0.615015375,1.131765354
NOC,Northrop Grumman Corp.,321.63,0.016926875,51999.66679,24.13,0.396200081,0.821271109
NOV,"National Oilwell Varco, Inc.",11.52,0.017137961,4530.56241,-0.55,-0.009479302,1.587644678
NRG,"NRG Energy, Inc.",32.6,0.020214395,7969.44055,1.98,0.040082108,1.048543121
NSC,Norfolk Southern Corp.,160.36,0.022090161,42676.85961,17.32,0.397421083,1.251065471
NTAP,"NetApp, Inc.",42.37,0.043977055,9254.04568,9.84,0.427211516,1.093110682
NTRS,Northern Trust Corp.,71.07,0.037365071,15033.83752,10.56,0.400974219,1.265257802
NUE,Nucor Corp.,38.07,0.042811416,11289.55115,14.8,0.623906706,1.136587583
NVDA,NVIDIA Corp.,339.73,0.001992404,197593.6647,74.13,0.139689192,1.453090613
NVR,"NVR, Inc.",2795.06,N/A,10306.51685,11.8,N/A,1.110634674
NWL,"Newell Brands, Inc.",11.705,0.079173838,4928.042,-4.86,-0.381901204,1.224131729
NWS,News Corp.,10.995,0.018181818,6473.357,-7.01,-0.127356088,1.030207047
NWSA,News Corp.,10.875,0.018639329,6314.46551,-6.92,-0.127356088,1.012128689
O,Realty Income Corp.,49.99,0.054346963,17301.29808,34.43,1.885674931,1.185017027
OKE,"ONEOK, Inc.",32.39,0.119667861,12711.08397,16.77,1.902961889,1.564532817
OMC,"Omnicom Group, Inc.",50.9,0.051751592,10765.57792,8.33,0.425420512,1.016147611
ORCL,Oracle Corp.,52.92,0.018144018,166855.9178,16.22,0.294261893,1.014470332
ORLY,"O'Reilly Automotive, Inc.",407.09,N/A,29586.32416,22.63,N/A,1.023580984
OXY,Occidental Petroleum Corp.,13.82,0.228924419,12384.24768,-3.28,-0.746781726,1.659059617
PAYX,"Paychex, Inc.",63.45,0.039284017,22645.67795,20.54,0.803108808,1.21796021
PBCT,"People's United Financial, Inc.",10.67,0.06507791,4633.01878,8.38,0.557212369,1.224417389
PCAR,"PACCAR, Inc.",66.8,0.019216334,23028.87547,10.94,0.20955437,0.905537416
PEG,"Public Service Enterprise Group, Inc.",45.46,0.040790039,23528.81566,15.92,0.665382595,0.879525405
PEP,"PepsiCo, Inc.",135.96,0.028704539,184648.5,26.22,0.736683766,0.936422192
PFE,Pfizer Inc.,37.76,0.039029536,210639.1536,13.28,0.520668426,0.71998948
PFG,"Principal Financial Group, Inc.",33.865,0.06543724,9207.44216,7.5,0.487135202,1.521071867
PG,Procter & Gamble Co.,114.61,0.026215623,281752.5884,59.97,1.561276818,0.760988529
PGR,Progressive Corp.,76.21,0.005424464,43159.87452,12.51,0.065685759,0.788850072
PH,Parker-Hannifin Corp.,153.29,0.023300457,19391.79841,14.87,0.3413863,1.518363833
PHM,"PulteGroup, Inc.",27.72,0.016672708,7398.23091,7.24,0.120160911,1.287983489
PKG,Packaging Corporation of America,90.92,0.033854725,8852.626952,13.23,0.459729981,0.946725383
PKI,"PerkinElmer, Inc. (United States)",92.86,0.003044471,10244.17042,45.63,0.137598899,0.758823719
PLD,"Prologis, Inc.",83.28,0.025808754,62099.97456,31.61,0.823623183,1.110345862
PM,"Philip Morris International, Inc.",67.78,0.068422602,105822.5548,13.81,0.947432763,0.948198164
PNC,"The PNC Financial Services Group, Inc.",97.25,0.044971382,41509.5984,9.02,0.408185984,1.388342886
PNR,Pentair Plc,33.49,0.021849746,5536.87225,14.97,0.326344495,1.174162562
PNW,Pinnacle West Capital Corp.,71.42,0.042210497,8101.74586,14.59,0.621079944,1.00966556
PPG,"PPG Industries, Inc.",86.92,0.023380249,20282.30031,17.54,0.405601743,0.968335316
PPL,PPL Corp.,24.51,0.065471474,19403.60336,9.9,0.667622818,1.07444118
PRGO,Perrigo Co. Plc,52.76,0.01644547,7086.91287,38.07,0.61701667,0.899711516
PRU,"Prudential Financial, Inc.",52.93,0.076807793,21085.1,7.26,0.562692139,1.642023796
PSA,Public Storage,175.97,0.044692737,31287.947,23.89,1.085953195,0.696401686
PSX,Phillips 66,70.93,0.050174216,31331.43125,100.13,5.081874647,1.284753647
PVH,PVH Corp.,40.21,0.003638128,2924.736633,7.2,0.026870163,1.771180114
PWR,"Quanta Services, Inc.",31.34,0.005823358,4254.66877,14.26,0.081907535,1.063352313
PXD,Pioneer Natural Resources Co.,82.86,0.017394478,13553.38723,19.89,0.343213729,1.510562893
PYPL,"PayPal Holdings, Inc.",145.575,N/A,169534.4518,91.11,N/A,1.242075244
QCOM,"QUALCOMM, Inc.",75.76,0.031050457,89848.1591,22.21,0.726803822,1.170829531
QRVO,"Qorvo, Inc.",94.76,N/A,11430.83485,N/A,N/A,1.327969223
RCL,Royal Caribbean Cruises Ltd.,37.45,0.086486486,7350.46255,43.28,3.513638465,1.724435876
RE,Everest Re Group Ltd.,168.94,0.03648281,7364.874348,10.14,0.354111899,1.040958607
REG,Regency Centers Corp.,36.81,0.064365927,6205.929712,49.82,3.180403302,1.162491414
REGN,"Regeneron Pharmaceuticals, Inc.",576.51,N/A,64234.29179,27.68,N/A,0.590037338
RF,Regions Financial Corp.,9.19,0.064775161,8938.38,7.15,0.470707228,1.49937871
RHI,"Robert Half International, Inc.",45.14,0.028468953,5112.39522,11.92,0.335437521,0.976629366
RJF,"Raymond James Financial, Inc.",61.04,0.02289584,8498.66262,8.85,0.20590453,1.355650757
RL,Ralph Lauren Corp.,65.38,0.040800061,4858.689766,7.48,0.307346584,1.118313029
RMD,"ResMed, Inc.",164.12,0.009450172,23575.09728,46.14,0.432973459,1.07861851
ROK,"Rockwell Automation, Inc.",197.87,0.020836605,22123.54224,32.37,0.65110344,1.237439903
ROL,"Rollins, Inc.",40,0.012046696,13195.89942,64.72,0.784789644,0.748189608
ROP,"Roper Technologies, Inc.",361.5,0.005454698,37320.88353,22.96,0.123861428,1.036653618
ROST,"Ross Stores, Inc.",85.34,0.01206815,30037.30924,18.41,0.220083718,1.158782443
RSG,"Republic Services, Inc.",79.47,0.019877485,25461.77688,23.46,0.469303424,0.844260014
SBAC,SBA Communications Corp.,283.96,0.004259004,31582.06125,-4452.98,-18.88714734,0.905199399
SBUX,Starbucks Corp.,74.15,0.020757514,86661.339,26.13,0.542559188,1.141082923
SCHW,The Charles Schwab Corp.,32.56,0.020658683,42999.494,12.61,0.267234702,1.165435165
SEE,Sealed Air Corp.,28.76,0.021790943,4571.67546,12.91,0.287395033,0.834954048
SHW,The Sherwin-Williams Co.,568.38,0.008670149,49535.94,32.2,0.267924913,1.043225873
SIVB,SVB Financial Group,172.885,N/A,8926.207296,9.11,N/A,1.557431242
SJM,The J. M. Smucker Co.,114.73,0.03830981,13008.31466,20.94,0.797634475,0.418337019
SLB,Schlumberger NV,15.95,0.124223602,22343.741,-1.23,-0.154606102,1.453688994
SLG,SL Green Realty Corp.,37.97,0.073115004,3178.109475,9.47,0.718401557,1.370378376
SNA,"Snap-On, Inc.",122.95,0.032771007,6733.941838,10.34,0.34133423,1.107386048
SNPS,"Synopsys, Inc.",158.75,N/A,23710.32741,49.26,N/A,1.082799246
SO,The Southern Co.,52.54,0.056986301,57813.81,15.69,0.931955314,1.035464122
SPG,"Simon Property Group, Inc.",51.32,0.161978661,33921.932,8,1.301738249,1.393498487
SPGI,"S&P Global, Inc.",303.14,0.007930161,72298.908,31.48,0.247139208,1.177613939
SRE,Sempra Energy,119.2,0.032802892,35186.57362,14.22,0.470803616,1.044963145
STT,State Street Corp.,54.41,0.037111517,19251.9932,9.26,0.345396696,1.337859466
STX,Seagate Technology Plc,47.78,0.053255669,12335.96375,7.06,0.378351216,1.002279311
STZ,"Constellation Brands, Inc.",158.49,0.01899215,30460.74213,-2383.31,-45.11278195,0.948123295
SWK,"Stanley Black & Decker, Inc.",107.84,0.026136908,16098.56515,17.45,0.44162609,1.593906942
SWKS,"Skyworks Solutions, Inc.",106.3,0.015689894,18076.6806,22.89,0.366308259,1.398712842
SYF,Synchrony Financial,16.54,0.050966608,9963.89556,3.71,0.194966721,1.670094691
SYK,Stryker Corp.,180.27,0.012208719,67236.64664,31.18,0.378833746,1.147108301
SYY,Sysco Corp.,47.62,0.035014589,24355.51164,17.84,0.629449232,1.271199453
T,"AT&T, Inc.",28.31,0.072078376,203632.5,14.27,1.038620551,0.866541867
TAP,Molson Coors Beverage Co.,36.35,0.058418297,7857.970594,-294.57,-17.17990276,0.866445434
TDG,"TransDigm Group, Inc.",325,0.18914175,17867.65081,21.85,4.201963157,1.322987611
TEL,TE Connectivity Ltd.,70.04,0.026342162,23039.8828,33.9,0.890696098,1.136637619
TFX,"Teleflex, Inc.",335.69,0.004067594,15522.33249,28.16,0.114093003,0.986638584
TGT,Target Corp.,120.94,0.021844255,59949.49026,18.83,0.407991653,0.74493899
TIF,Tiffany & Co.,127.01,0.017991829,15443.5188,28.35,0.511206358,0.409227029
TJX,"The TJX Cos., Inc.",47.17,0.020563254,54254.8558,17.38,0.339033019,1.164377413
TMO,"Thermo Fisher Scientific, Inc.",342.92,0.002342198,133213.0228,37.32,0.085973294,0.795042369
TMUS,"T-Mobile US, Inc.",97.42,N/A,117285.9816,23.72,N/A,0.874585478
TPR,"Tapestry, Inc.",12.2,0.108783239,3426.37618,-15.55,-1.721060683,1.802667739
TROW,"T. Rowe Price Group, Inc.",113.54,0.028249089,25615.19093,13.95,0.390913114,1.235491548
TRV,"The Travelers Cos., Inc.",90.31,0.036355575,22810.86392,9.67,0.351279278,1.043023618
TSCO,Tractor Supply Co.,111.74,0.013104933,12352.7529,23.36,0.292672729,0.744819047
TSN,"Tyson Foods, Inc.",58.21,0.027636917,17411.3796,10.54,0.296061566,0.730633483
TTWO,"Take-Two Interactive Software, Inc.",132.52,N/A,14918.65872,44.33,N/A,0.675084766
TWTR,"Twitter, Inc.",29,N/A,22409.00424,17.62,N/A,1.147545155
TXN,Texas Instruments Incorporated,108.24,0.030267331,101276.2506,20.47,0.631582928,1.136959543
TXT,"Textron, Inc.",24.2,0.003337505,5456.65065,8.12,0.026826733,1.44849343
UA,"Under Armour, Inc.",6.91,N/A,3137.78263,-6.02,N/A,1.235960463
UAA,"Under Armour, Inc.",7.71,N/A,3501.05703,-6.72,N/A,1.331685584
UAL,"United Airlines Holdings, Inc.",19.915,N/A,5895.7696,5.35,N/A,1.432582351
UDR,"UDR, Inc.",34.76,0.039756447,16711.4692,62.28,2.4861136,0.9819664
UHS,"Universal Health Services, Inc.",92.63,0.007651946,7769.03853,11.27,0.085190279,1.342952386
ULTA,"Ulta Beauty, Inc.",200.515,N/A,11316.52022,16.41,N/A,1.294554537
UNH,"UnitedHealth Group, Inc.",290.96,0.014865283,275608.7118,20.08,0.298066706,1.156960783
UNM,Unum Group,13.98,0.082489146,2811.2644,2.96,0.241234103,1.786968406
UNP,Union Pacific Corp.,151.24,0.024862241,103440.9059,17.52,0.43893174,1.068778314
UPS,"United Parcel Service, Inc.",91.03,0.042425564,79047.50773,18.29,0.781611043,0.796327406
URI,"United Rentals, Inc.",118.57,N/A,8362.06497,7.71,N/A,1.561907591
USB,U.S. Bancorp,30.68,0.052293872,46951.0593,7.92,0.420884115,1.291453538
V,"Visa, Inc.",183.49,0.006080708,351508.599,32.97,0.197624908,1.162595088
VAR,"Varian Medical Systems, Inc.",114.03,N/A,10356.5312,41.45,N/A,1.072815038
VFC,VF Corp.,51.96,0.03481241,21883.2768,15.96,0.592770048,1.244168292
VLO,Valero Energy Corp.,58.78,0.061942434,24221.39759,59.47,3.723188992,1.465484614
VMC,Vulcan Materials Co.,96.07,0.013111708,12827.55724,20.69,0.273565397,0.86897554
VNO,Vornado Realty Trust,35.32,0.131105398,6690.55104,2.31,0.299815799,1.245438007
VRSK,"Verisk Analytics, Inc.",154.57,0.00662768,24971.6601,51.81,0.341903261,0.964654425
VRSN,"VeriSign, Inc.",217.22,N/A,24836.26344,32.53,N/A,1.045384789
VRTX,"Vertex Pharmaceuticals, Inc.",288.59,N/A,71819.729,49.36,N/A,0.886698256
VTR,"Ventas, Inc.",27.97,0.113905857,10382.67725,13.25,1.501942576,1.454501859
VZ,"Verizon Communications, Inc.",54.71,0.044572938,227217.58,12.31,0.550816942,0.546625187
WAB,Westinghouse Air Brake Technologies Corp.,52.36,0.009205984,9921.66846,22.23,0.203830311,1.139479875
WAT,Waters Corp.,178.46,N/A,11160.90044,21.8,N/A,0.909165461
WBA,"Walgreens Boots Alliance, Inc.",38.395,0.046653797,34079.997,9.85,0.46474359,0.811565237
WDC,Western Digital Corp.,39.215,0.049578582,12089.93834,-19.49,-0.993986382,1.56721535
WEC,"WEC Energy Group, Inc.",84.8,0.028361469,26720.49885,22.91,0.649166419,0.817452453
WELL,"Welltower, Inc.",40.65,0.086266733,16841.10286,39.4,3.373400543,1.295405352
WFC,Wells Fargo & Co.,23.36,0.082294264,98646,8.19,0.694371383,1.366937166
WHR,Whirlpool Corp.,108.8,0.044460911,6711.128276,7.97,0.351668962,1.457078737
WLTW,Willis Towers Watson Plc,200.54,0.013041753,25960.90176,24.44,0.320665228,0.92545217
WM,"Waste Management, Inc.",95.93,0.021429306,41012.3895,24.16,0.524545981,0.782913779
WMB,"The Williams Cos., Inc.",18.76,0.083288264,22432.068,167.95,13.78692927,1.22678448
WMT,"Walmart, Inc.",125.94,0.017177119,349735.254,24.12,0.405974722,0.555489249
WRK,WestRock Co.,24.21,0.072929053,6541.00365,7.35,0.558387958,1.432370149
WU,The Western Union Co.,18.57,0.044885745,7552.4339,7.43,0.330264211,0.857116853
WY,Weyerhaeuser Co.,17.33,0.078250863,12969.06028,35.61,2.794903411,1.709723294
WYNN,Wynn Resorts Ltd.,77.78,0.051085568,8446.0644,-21.56,-1.110062719,1.58215375
XEL,"Xcel Energy, Inc.",57.9,0.028264605,30556.6878,22.33,0.634547138,0.881439498
XLNX,"Xilinx, Inc.",83.235,0.017516866,20602.54854,26.37,0.468977755,1.024254526
XOM,Exxon Mobil Corp.,42,0.082269504,178853.283,15.78,1.307189542,1.076929725
XRAY,"Dentsply Sirona, Inc.",37.68,0.010229673,8298.7504,102.08,1.048998376,0.873641989
XRX,Xerox Holdings Corp.,14.89,0.064977258,3277.06965,5.69,0.382248385,1.304101395
XYL,"Xylem, Inc.",58.19,0.016624258,10605.98925,29.14,0.490760679,1.136952448
YUM,"Yum! Brands, Inc.",84.9,0.020770801,25069.12394,23.2,0.472845546,0.932367766
ZBH,"Zimmer Biomet Holdings, Inc.",112.39,0.008563782,23182.5042,60.8,0.519340005,0.928414586
ZION,Zions Bancorporation NA,27.01,0.047930283,4512.75948,8.06,0.393935777,0.978426815
ZTS,"Zoetis, Inc.",127.49,0.005776402,59856.81423,37.76,0.215607878,0.964355619